state_name,state_id,district_name,lg_dt_code,medium,micro,small,total
"ANDHRA PRADESH",28,"Alluri Sitharama Raju",745,0,7073,6,7079
"ANDHRA PRADESH",28,Konaseema,747,5,37288,112,37405
"ANDHRA PRADESH",28,"WEST GODAVARI",523,73,82973,1203,84249
"ARUNACHAL PRADESH",12,"DIBANG VALLEY",230,0,149,3,152
"ARUNACHAL PRADESH",12,"LOWER SUBANSIRI",236,1,1053,8,1062
ASSAM,18,Biswanath,705,2,13897,57,13956
ASSAM,18,CHARAIDEO,708,2,8871,26,8899
ASSAM,18,HOJAI,709,1,19202,84,19287
ASSAM,18,MARIGAON,296,3,19470,61,19534
ASSAM,18,SONITPUR,301,11,28158,148,28317
ASSAM,18,TINSUKIA,302,9,32620,242,32871
ASSAM,18,UDALGURI,617,0,13179,41,13220
BIHAR,10,BANKA,190,1,24336,78,24415
BIHAR,10,MADHEPURA,205,7,27728,185,27920
BIHAR,10,MUZAFFARPUR,208,23,90277,664,90964
BIHAR,10,NALANDA,209,3,38718,201,38922
BIHAR,10,SARAN,218,10,43376,239,43625
BIHAR,10,SHEIKHPURA,219,0,8461,34,8495
BIHAR,10,VAISHALI,224,7,56785,258,57050
CHHATTISGARH,22,BALRAMPUR,649,0,8012,32,8044
CHHATTISGARH,22,DHAMTARI,377,1,16862,104,16967
CHHATTISGARH,22,GARIABAND,645,0,11344,28,11372
GOA,30,"NORTH GOA",551,29,44403,464,44896
GUJARAT,24,ANAND,440,14,56628,336,56978
GUJARAT,24,DOHAD,445,5,23944,162,24111
GUJARAT,24,JAMNAGAR,447,33,51332,733,52098
GUJARAT,24,MAHESANA,451,60,51296,963,52319
GUJARAT,24,MAHISAGAR,669,0,10249,34,10283
GUJARAT,24,NARMADA,452,0,6995,43,7038
GUJARAT,24,RAJKOT,457,183,161677,1966,163826
GUJARAT,24,"SABAR KANTHA",458,12,31990,260,32262
GUJARAT,24,TAPI,641,4,10657,88,10749
GUJARAT,24,VALSAD,462,31,69221,720,69972
HARYANA,6,JIND,65,12,42175,387,42574
HARYANA,6,REWARI,72,26,29675,458,30159
HARYANA,6,SONIPAT,75,23,51419,571,52013
"HIMACHAL PRADESH",2,BILASPUR,15,2,11544,65,11611
"HIMACHAL PRADESH",2,"LAHUL AND SPITI",21,0,1031,2,1033
"HIMACHAL PRADESH",2,SOLAN,25,16,35295,347,35658
JHARKHAND,20,DHANBAD,325,23,66784,489,67296
JHARKHAND,20,JAMTARA,333,1,8764,25,8790
JHARKHAND,20,"KHUNTI ",606,0,6258,23,6281
JHARKHAND,20,"LOHARDAGA ",336,1,8828,40,8869
JHARKHAND,20,"RANCHI ",339,64,105965,1071,107100
KARNATAKA,29,"BENGALURU (RURAL)",526,48,88752,785,89585
KARNATAKA,29,"BENGALURU (URBAN)",525,800,504290,9235,514325
KARNATAKA,29,BIDAR,529,9,40909,221,41139
KARNATAKA,29,DHARWAD,536,35,72837,643,73515
KARNATAKA,29,KOLAR,542,13,42905,290,43208
KARNATAKA,29,KOPPAL,543,2,29647,330,29979
KARNATAKA,29,UDUPI,549,14,45600,355,45969
KARNATAKA,29,YADGIR,635,4,23432,171,23607
KERALA,32,ERNAKULAM,555,160,109574,2095,111829
KERALA,32,KANNUR,557,25,62543,547,63115
"MADHYA PRADESH",23,"EAST NIMAR",405,2,28680,174,28856
"MADHYA PRADESH",23,HARDA,408,0,14605,112,14717
"MADHYA PRADESH",23,HOSHANGABAD,409,10,30426,201,30637
"MADHYA PRADESH",23,KHARGONE,414,4,42991,231,43226
"MADHYA PRADESH",23,Maihar,784,1,2750,10,2761
"MADHYA PRADESH",23,MANDLA,415,0,16877,71,16948
"MADHYA PRADESH",23,MAUGANJ,766,0,2397,2,2399
"MADHYA PRADESH",23,PANNA,420,0,13578,39,13617
"MADHYA PRADESH",23,RAISEN,421,2,29816,197,30015
"MADHYA PRADESH",23,RAJGARH,422,12,52472,287,52771
"MADHYA PRADESH",23,SIDHI,433,1,15607,74,15682
"MADHYA PRADESH",23,TIKAMGARH,434,4,14927,90,15021
"MADHYA PRADESH",23,VIDISHA,437,6,38627,203,38836
MAHARASHTRA,27,AMRAVATI,468,14,95909,565,96488
MAHARASHTRA,27,BULDHANA,472,16,85008,408,85432
MAHARASHTRA,27,CHANDRAPUR,473,12,62659,401,63072
MAHARASHTRA,27,DHULE,474,12,56552,353,56917
MAHARASHTRA,27,GONDIA,476,7,39767,275,40049
MAHARASHTRA,27,KOLHAPUR,480,73,182444,1108,183625
MAHARASHTRA,27,"NAN DED",485,20,98582,570,99172
MAHARASHTRA,27,NANDURBAR,486,5,29695,214,29914
MAHARASHTRA,27,THANE,497,346,582934,5046,588326
MANIPUR,14,CHURACHANDPUR,254,0,3553,14,3567
MANIPUR,14,"IMPHAL EAST",255,1,14146,66,14213
MANIPUR,14,KAKCHING,711,0,3104,11,3115
MANIPUR,14,TAMENGLONG,258,1,930,4,935
MEGHALAYA,17,"SOUTH WEST  GARO HILLS",663,0,1699,6,1705
MEGHALAYA,17,"WEST KHASI HILLS",279,0,1770,5,1775
MIZORAM,15,Hnahthial,726,0,348,0,348
NAGALAND,13,Chumoukedima,758,0,2325,1,2326
ODISHA,21,"MALKANGIRI  ",364,0,12269,52,12321
ODISHA,21,NAYAGARH,367,3,25943,97,26043
PUNJAB,3,"FATEHGARH SAHIB",30,76,25158,1013,26247
PUNJAB,3,JALANDHAR,34,49,117830,874,118753
PUNJAB,3,MANSA,37,4,22542,137,22683
PUNJAB,3,MOGA,38,7,42241,200,42448
PUNJAB,3,"SHAHID BHAGAT SINGH NAGAR",40,1,24822,91,24914
RAJASTHAN,8,BARAN,89,17,25153,238,25408
RAJASTHAN,8,BHILWARA,92,23,93674,604,94301
RAJASTHAN,8,Dudu,102,0,915,3,918
RAJASTHAN,8,"Jodhpur Gramin",107,1,4161,11,4173
RAJASTHAN,8,NAGAUR,110,13,74680,428,75121
RAJASTHAN,8,PRATAPGARH,629,1,18517,89,18607
RAJASTHAN,8,RAJSAMAND,112,0,38261,156,38417
RAJASTHAN,8,SIROHI,115,6,27753,130,27889
SIKKIM,11,Gangtok,225,9,7698,90,7797
"TAMIL NADU",33,ARIYALUR,610,5,25037,110,25152
"TAMIL NADU",33,Chengalpattu,730,6,88645,315,88966
"TAMIL NADU",33,CHENNAI,568,521,362363,6405,369289
"TAMIL NADU",33,COIMBATORE,569,144,210002,2076,212222
"TAMIL NADU",33,KANNIYAKUMARI,575,12,74387,432,74831
"TAMIL NADU",33,KRISHNAGIRI,577,15,82506,525,83046
"TAMIL NADU",33,Mayiladuthurai,735,1,28360,70,28431
"TAMIL NADU",33,"THE NILGIRISH",587,6,26739,91,26836
"TAMIL NADU",33,TUTICORIN,594,20,67770,441,68231
TELANGANA,36,KARIMNAGAR,508,4,55677,298,55979
TELANGANA,36,MAHABUBNAGAR,512,8,41108,197,41313
TELANGANA,36,NAGARKURNOOL,694,0,23010,75,23085
TELANGANA,36,WANAPARTHY,693,0,17488,58,17546
"UTTAR PRADESH",9,"AMBEDAKAR NAGAR",121,3,30844,149,30996
"UTTAR PRADESH",9,AMETHI,640,4,26297,126,26427
"UTTAR PRADESH",9,BAHRAICH,125,6,36788,250,37044
"UTTAR PRADESH",9,BULANDSHAHAR,134,16,60021,463,60500
"UTTAR PRADESH",9,CHANDAULI,135,17,29075,183,29275
"UTTAR PRADESH",9,DEORIA,137,6,45891,209,46106
"UTTAR PRADESH",9,"GAUTAM BUDDHA NAGAR",144,178,161601,1987,163766
"UTTAR PRADESH",9,GHAZIABAD,145,130,164533,1842,166505
"UTTAR PRADESH",9,GHAZIPUR,146,5,56063,227,56295
"UTTAR PRADESH",9,JALAUN,151,2,20733,154,20889
"UTTAR PRADESH",9,KAUSHAMBI,158,1,17639,79,17719
"UTTAR PRADESH",9,MAU,168,4,32763,133,32900
"UTTAR PRADESH",9,MORADABAD,171,20,59945,424,60389
"UTTAR PRADESH",9,PILIBHIT,173,1,31133,127,31261
"UTTAR PRADESH",9,"RAE BARELI",175,6,45941,218,46165
"UTTAR PRADESH",9,RAMPUR,176,18,40176,232,40426
"UTTAR PRADESH",9,SULTANPUR,185,2,32903,168,33073
"UTTAR PRADESH",9,UNNAO,186,5,35810,172,35987
"UTTAR PRADESH",9,VARANASI,187,59,105401,1101,106561
UTTARAKHAND,5,CHAMPAWAT,48,1,6384,23,6408
UTTARAKHAND,5,DEHRADUN,49,42,105328,799,106169
UTTARAKHAND,5,HARIDWAR,50,20,68476,452,68948
UTTARAKHAND,5,"PAURI GARHWAL",52,2,13273,45,13320
UTTARAKHAND,5,"TEHRI GARHWAL",55,3,11803,52,11858
UTTARAKHAND,5,"UDHAM SINGH NAGAR",56,16,69519,498,70033
"WEST BENGAL",19,DARJEELING,309,33,52588,756,53377
"WEST BENGAL",19,"PURBA BARDHAMAN",306,12,78382,614,79008
"WEST BENGAL",19,PURULIA,321,2,28961,164,29127
"ANDAMAN AND NICOBAR ISLANDS",35,NIKOBARS,603,0,496,0,496
DELHI,7,EAST,78,122,80925,1724,82771
"JAMMU AND KASHMIR",1,BARAMULLA,3,3,35753,131,35887
"JAMMU AND KASHMIR",1,BUDGAM,2,2,27130,74,27206
"JAMMU AND KASHMIR",1,KATHUA,7,5,21907,100,22012
"JAMMU AND KASHMIR",1,REASI,627,1,9509,40,9550
LAKSHADWEEP,31,"LAKSHADWEEP DISTRICT",553,0,1336,0,1336
PUDUCHERRY,34,MAHE,600,2,562,22,586
"ANDHRA PRADESH",28,Anakapalli,744,3,30861,80,30944
"ANDHRA PRADESH",28,CHITOOR,503,24,74402,514,74940
"ANDHRA PRADESH",28,"EAST GODAVARI",505,33,83519,918,84470
"ANDHRA PRADESH",28,"SPSR NELLORE",515,29,87400,697,88126
"ANDHRA PRADESH",28,SRIKAKULAM,519,9,47467,292,47768
"ANDHRA PRADESH",28,VIZIANAGARAM,521,6,45169,246,45421
"ANDHRA PRADESH",28,Y.S.R,504,16,79510,515,80041
"ARUNACHAL PRADESH",12,"EAST SIANG",232,0,1383,20,1403
"ARUNACHAL PRADESH",12,LEPARADA,724,0,313,3,316
"ARUNACHAL PRADESH",12,"LOWER DIBANG VALLEY",235,0,1033,7,1040
"ARUNACHAL PRADESH",12,"LOWER SIANG",719,0,260,5,265
"ARUNACHAL PRADESH",12,"SHI YOMI",725,0,123,0,123
"ARUNACHAL PRADESH",12,SIANG,679,0,188,1,189
"ARUNACHAL PRADESH",12,"WEST KAMENG",242,0,1757,10,1767
ASSAM,18,CHIRANG,612,4,9083,37,9124
ASSAM,18,"DIMA HASAO",299,0,3431,19,3450
ASSAM,18,KAMRUP,291,16,40940,251,41207
ASSAM,18,KARIMGANJ,293,1,23354,117,23472
ASSAM,18,LAKHIMPUR,295,6,28925,124,29055
ASSAM,18,MAJULI,706,0,3607,5,3612
BIHAR,10,AURANGABAD,189,5,31902,209,32116
BIHAR,10,BEGUSARAI,191,10,45185,284,45479
BIHAR,10,BUXAR,194,4,19706,151,19861
BIHAR,10,JAMUI,198,2,21152,91,21245
BIHAR,10,"KAIMUR (BHABUA)",200,2,15688,163,15853
BIHAR,10,KATIHAR,201,8,47194,289,47491
BIHAR,10,KHAGARIA,202,3,21043,140,21186
CHHATTISGARH,22,BASTAR,374,2,16191,122,16315
CHHATTISGARH,22,DANTEWADA,376,0,4212,28,4240
CHHATTISGARH,22,KONDAGAON,643,2,9163,60,9225
CHHATTISGARH,22,MAHASAMUND,385,1,20617,112,20730
CHHATTISGARH,22,RAIPUR,387,208,108686,2119,111013
CHHATTISGARH,22,"SARANGARH BILAIGARH",763,0,5064,7,5071
CHHATTISGARH,22,SURGUJA,389,6,19096,183,19285
GOA,30,"SOUTH GOA",552,7,29670,309,29986
GUJARAT,24,BHAVNAGAR,443,24,61899,653,62576
GUJARAT,24,JUNAGADH,448,9,42785,360,43154
GUJARAT,24,VADODARA,461,98,173252,1655,175005
HARYANA,6,"CHARKI DADRI",701,2,8656,80,8738
HARYANA,6,JHAJJAR,64,8,27995,348,28351
HARYANA,6,PANCHKULA,70,31,28964,400,29395
HARYANA,6,PANIPAT,71,39,60041,900,60980
HARYANA,6,ROHTAK,73,25,36394,469,36888
"HIMACHAL PRADESH",2,CHAMBA,16,2,10552,35,10589
"HIMACHAL PRADESH",2,UNA,26,3,15886,102,15991
JHARKHAND,20,GIRIDIH,329,6,42732,179,42917
JHARKHAND,20,GODDA,330,2,15108,63,15173
JHARKHAND,20,PALAMU,338,3,24680,146,24829
JHARKHAND,20,SAHEBGANJ,340,1,12990,67,13058
KARNATAKA,29,BAGALKOT,524,6,39602,265,39873
KARNATAKA,29,CHAMARAJNAGAR,531,2,22767,126,22895
KARNATAKA,29,CHIKBALLAPUR,630,7,34259,234,34500
KARNATAKA,29,KODAGU,541,10,17518,187,17715
KARNATAKA,29,MYSURU,545,27,106841,949,107817
KARNATAKA,29,RAICHUR,546,13,40806,457,41276
KARNATAKA,29,SHIVAMOGGA,547,15,54753,491,55259
KARNATAKA,29,VIJAYANAGAR,738,1,21738,114,21853
KARNATAKA,29,VIJAYAPURA,530,26,53985,464,54475
KERALA,32,KOLLAM,559,14,54005,622,54641
"MADHYA PRADESH",23,ANUPPUR,390,2,12071,48,12121
"MADHYA PRADESH",23,BHOPAL,396,81,125410,1094,126585
"MADHYA PRADESH",23,DATIA,401,1,14758,78,14837
"MADHYA PRADESH",23,DEWAS,402,9,52699,197,52905
"MADHYA PRADESH",23,GWALIOR,407,34,80693,699,81426
"MADHYA PRADESH",23,INDORE,410,151,202980,2262,205393
"MADHYA PRADESH",23,JHABUA,412,1,19097,77,19175
"MADHYA PRADESH",23,MORENA,417,3,33116,178,33297
"MADHYA PRADESH",23,SHIVPURI,432,0,27294,174,27468
"MADHYA PRADESH",23,SINGRAULI,638,3,21210,150,21363
"MADHYA PRADESH",23,UJJAIN,435,16,80514,439,80969
MAHARASHTRA,27,BEED,470,16,90658,395,91069
MAHARASHTRA,27,HINGOLI,477,4,33021,188,33213
MAHARASHTRA,27,JALNA,479,23,80619,401,81043
MAHARASHTRA,27,NASHIK,487,88,287453,2199,289740
MAHARASHTRA,27,OSMANABAD,488,4,67435,217,67656
MAHARASHTRA,27,RAIGAD,491,70,200346,1198,201614
MAHARASHTRA,27,RATNAGIRI,492,4,62789,227,63020
MAHARASHTRA,27,SATARA,494,30,141981,634,142645
MAHARASHTRA,27,SINDHUDURG,495,1,36879,79,36959
MAHARASHTRA,27,SOLAPUR,496,33,208914,1139,210086
MANIPUR,14,SENAPATI,257,1,3474,7,3482
MANIPUR,14,TENGNOUPAL,716,1,659,0,660
MEGHALAYA,17,"EASTERN WEST KHASI HILLS",740,0,777,1,778
MEGHALAYA,17,"NORTH GARO HILLS",656,1,1654,6,1661
MEGHALAYA,17,"SOUTH WEST KHASI HILLS",658,0,1089,2,1091
MEGHALAYA,17,"WEST JAINTIA HILLS",275,0,4095,12,4107
MIZORAM,15,CHAMPHAI,262,0,2136,9,2145
MIZORAM,15,LAWNGTLAI,264,0,1085,4,1089
NAGALAND,13,PEREN,613,0,1285,0,1285
ODISHA,21,ANGUL,344,22,35726,353,36101
ODISHA,21,BALANGIR,345,6,32401,181,32588
ODISHA,21,BALESHWAR,346,7,65359,371,65737
ODISHA,21,KENDUJHAR,361,39,41931,400,42370
ODISHA,21,KORAPUT,363,3,27154,162,27319
ODISHA,21,RAYAGADA,370,1,15605,98,15704
ODISHA,21,SONEPUR,372,1,13076,56,13133
PUNJAB,3,AMRITSAR,27,34,102036,797,102867
PUNJAB,3,BARNALA,605,5,23923,142,24070
PUNJAB,3,FARIDKOT,29,2,24856,124,24982
PUNJAB,3,SANGRUR,43,9,48698,364,49071
PUNJAB,3,"SAS NAGAR",608,66,101103,768,101937
PUNJAB,3,"SRI MUKTSAR SAHIB",39,5,30167,195,30367
RAJASTHAN,8,AJMER,86,35,109100,732,109867
RAJASTHAN,8,Beawar,774,3,9656,31,9690
RAJASTHAN,8,BIKANER,93,32,88594,806,89432
RAJASTHAN,8,CHURU,96,6,55396,207,55609
RAJASTHAN,8,"Didwana Kuchaman",768,1,12417,15,12433
RAJASTHAN,8,JODHPUR,107,55,126234,1226,127515
RAJASTHAN,8,Phalodi,772,1,5646,17,5664
RAJASTHAN,8,Salumbar,777,0,2303,2,2305
RAJASTHAN,8,Shahpura,92,0,1047,2,1049
SIKKIM,11,Pakyong,741,0,1805,4,1809
"TAMIL NADU",33,Kallakurichi,729,2,30238,98,30338
"TAMIL NADU",33,PUDUKKOTTAI,582,5,56048,222,56275
"TAMIL NADU",33,Ranipet,731,4,33821,110,33935
TELANGANA,36,ADILABAD,501,2,24640,113,24755
TELANGANA,36,Hanumakonda,686,17,39532,348,39897
TELANGANA,36,KAMAREDDY,685,2,27602,97,27701
TELANGANA,36,KHAMMAM,509,7,54619,340,54966
TELANGANA,36,"KOMARAM BHEEM ASIFABAD",699,0,12047,29,12076
TELANGANA,36,MANCHERIAL,684,2,31619,113,31734
TELANGANA,36,NALGONDA,514,12,70369,292,70673
TELANGANA,36,Nirmal,680,2,22058,89,22149
TELANGANA,36,VIKARABAD,698,0,26139,88,26227
TRIPURA,16,KHOWAI,652,0,5858,17,5875
TRIPURA,16,UNAKOTI,655,0,7602,25,7627
"UTTAR PRADESH",9,AURAIYA,122,2,18516,111,18629
"UTTAR PRADESH",9,AYODHYA,140,6,44073,279,44358
"UTTAR PRADESH",9,AZAMGARH,123,7,77188,300,77495
"UTTAR PRADESH",9,BANDA,128,2,17819,123,17944
"UTTAR PRADESH",9,BHADOHI,179,2,24173,94,24269
"UTTAR PRADESH",9,BUDAUN,133,5,34200,250,34455
"UTTAR PRADESH",9,ETAWAH,139,6,25554,178,25738
"UTTAR PRADESH",9,GONDA,147,14,44091,233,44338
"UTTAR PRADESH",9,HAPUR,661,10,32962,248,33220
"UTTAR PRADESH",9,LUCKNOW,162,153,212108,2399,214660
"UTTAR PRADESH",9,MAHOBA,165,5,12979,96,13080
"UTTAR PRADESH",9,SIDDHARTHNAGAR,182,3,28080,156,28239
UTTARAKHAND,5,ALMORA,45,0,12658,28,12686
UTTARAKHAND,5,BAGESHWAR,46,1,4934,7,4942
"WEST BENGAL",19,BIRBHUM,307,7,53019,353,53379
"WEST BENGAL",19,COOCHBEHAR,308,3,46297,240,46540
"WEST BENGAL",19,"DAKSHIN DINAJPUR",310,3,23609,121,23733
"WEST BENGAL",19,MALDA,316,10,66700,391,67101
"WEST BENGAL",19,"UTTAR DINAJPUR",311,7,51175,415,51597
DELHI,7,CENTRAL,77,213,49855,2526,52594
DELHI,7,"NEW DELHI",79,172,55859,1566,57597
DELHI,7,SHAHDARA,671,16,14849,193,15058
DELHI,7,"SOUTH WEST",84,164,89467,1692,91323
"JAMMU AND KASHMIR",1,DODA,4,1,13195,20,13216
"JAMMU AND KASHMIR",1,SAMBA,624,6,13117,76,13199
"JAMMU AND KASHMIR",1,SRINAGAR,13,24,60609,454,61087
LADAKH,37,KARGIL,6,0,3952,14,3966
PUDUCHERRY,34,KARAIKAL,598,3,8223,70,8296
"ANDHRA PRADESH",28,ANANTHAPUR,502,10,96237,525,96772
"ANDHRA PRADESH",28,Bapatla,750,4,33252,109,33365
"ANDHRA PRADESH",28,KRISHNA,510,68,87118,1364,88550
"ANDHRA PRADESH",28,NTR,749,15,73050,313,73378
"ANDHRA PRADESH",28,Tirupati,752,10,60074,191,60275
"ARUNACHAL PRADESH",12,"PAKKE KESSANG",723,0,99,0,99
"ARUNACHAL PRADESH",12,"PAPUM PARE",237,9,7263,141,7413
"ARUNACHAL PRADESH",12,TIRAP,239,0,337,5,342
"ARUNACHAL PRADESH",12,"UPPER SIANG",240,0,265,3,268
ASSAM,18,CACHAR,282,13,51916,245,52174
ASSAM,18,"KAMRUP METRO",618,126,68545,1639,70310
ASSAM,18,NALBARI,298,2,22423,73,22498
ASSAM,18,SIVASAGAR,300,6,21344,124,21474
ASSAM,18,"SOUTH SALMARA MANCACHAR",707,1,7268,21,7290
ASSAM,18,"WEST KARBI ANGLONG",710,102,3586,16,3704
BIHAR,10,ARARIA,188,10,40176,314,40500
BIHAR,10,ARWAL,611,0,7599,29,7628
BIHAR,10,GOPALGANJ,197,7,29192,155,29354
BIHAR,10,PURNIA,214,42,62898,593,63533
BIHAR,10,ROHTAS,215,6,37842,310,38158
BIHAR,10,SAHARSA,216,7,26682,146,26835
BIHAR,10,SIWAN,222,1,36063,197,36261
CHHATTISGARH,22,BIJAPUR,636,1,2452,5,2458
CHHATTISGARH,22,DURG,378,38,57911,549,58498
CHHATTISGARH,22,JANJGIR-CHAMPA,379,3,25523,150,25676
CHHATTISGARH,22,KANKER,381,0,13957,70,14027
CHHATTISGARH,22,"MANENDRAGARH CHIRIMIRI BHARATPUR",760,0,4310,11,4321
CHHATTISGARH,22,"MOHLA MANPUR AMBAGARH CHOUKI",761,0,2210,0,2210
CHHATTISGARH,22,RAIGARH,386,23,30111,384,30518
CHHATTISGARH,22,RAJNANDAGAON,388,3,28051,191,28245
CHHATTISGARH,22,SUKMA,642,0,2093,12,2105
GUJARAT,24,AMRELI,439,5,25724,245,25974
GUJARAT,24,ARVALLI,672,0,16418,132,16550
GUJARAT,24,BOTAD,676,2,11034,130,11166
GUJARAT,24,CHHOTAUDEPUR,668,0,9870,56,9926
GUJARAT,24,DANG,444,0,1824,12,1836
GUJARAT,24,"GIR SOMNATH",675,4,24644,217,24865
GUJARAT,24,"PANCH MAHALS",454,6,28033,171,28210
GUJARAT,24,PATAN,455,8,24021,241,24270
GUJARAT,24,PORBANDAR,456,4,16296,155,16455
GUJARAT,24,SURAT,459,273,310019,4458,314750
GUJARAT,24,SURENDRANAGAR,460,3,33098,295,33396
HARYANA,6,MAHENDRAGARH,69,8,25134,229,25371
HARYANA,6,PALWAL,619,5,30418,266,30689
"HIMACHAL PRADESH",2,KANGRA,18,7,37236,271,37514
"HIMACHAL PRADESH",2,KINNAUR,19,0,2976,9,2985
"HIMACHAL PRADESH",2,SHIMLA,23,6,31344,222,31572
"HIMACHAL PRADESH",2,SIRMAUR,24,0,16265,84,16349
JHARKHAND,20,"BOKARO ",322,13,48925,307,49245
JHARKHAND,20,"EAST SINGHBHUM",327,36,65113,746,65895
JHARKHAND,20,"GUMLA ",331,1,10067,51,10119
JHARKHAND,20,"RAMGARH ",607,5,25525,162,25692
JHARKHAND,20,"SIMDEGA ",342,0,6315,27,6342
KARNATAKA,29,CHIKKAMAGALURU,532,8,32475,295,32778
KARNATAKA,29,"DAKSHIN KANNAD",534,43,76987,842,77872
KERALA,32,ALAPPUZHA,554,9,46401,412,46822
KERALA,32,IDUKKI,556,13,28482,314,28809
KERALA,32,PALAKKAD,563,20,66752,580,67352
KERALA,32,THRISSUR,566,47,74942,844,75833
KERALA,32,WAYANAD,567,5,22043,206,22254
"MADHYA PRADESH",23,ALIRAJPUR,639,0,8466,32,8498
"MADHYA PRADESH",23,BARWANI,393,4,25941,121,26066
"MADHYA PRADESH",23,BHIND,395,3,21356,87,21446
"MADHYA PRADESH",23,BURHANPUR,397,2,17511,88,17601
"MADHYA PRADESH",23,DAMOH,400,5,19783,115,19903
"MADHYA PRADESH",23,JABALPUR,411,34,74102,611,74747
"MADHYA PRADESH",23,NIWARI,722,0,4222,21,4243
"MADHYA PRADESH",23,RATLAM,423,5,51771,303,52079
"MADHYA PRADESH",23,REWA,424,4,42530,229,42763
"MADHYA PRADESH",23,SHAHDOL,429,0,18904,106,19010
"MADHYA PRADESH",23,SHAJAPUR,430,17,34376,163,34556
MAHARASHTRA,27,BHANDARA,471,6,40301,123,40430
MAHARASHTRA,27,LATUR,481,29,93369,553,93951
MAHARASHTRA,27,PALGHAR,665,32,171185,655,171872
MAHARASHTRA,27,SANGLI,493,21,132788,826,133635
MANIPUR,14,BISHNUPUR,252,0,6794,21,6815
MANIPUR,14,CHANDEL,253,1,1187,10,1198
MANIPUR,14,NONEY,714,0,553,1,554
MANIPUR,14,PHERZAWL,715,0,54,0,54
MEGHALAYA,17,"RI BHOI",276,4,3497,24,3525
MIZORAM,15,Khawzawl,728,0,436,1,437
MIZORAM,15,KOLASIB,263,0,2393,8,2401
MIZORAM,15,MAMIT,266,0,1067,3,1070
MIZORAM,15,SAIHA,267,0,496,3,499
MIZORAM,15,Saitual,727,0,662,0,662
NAGALAND,13,LONGLENG,615,0,711,0,711
NAGALAND,13,MON,247,0,2418,3,2421
NAGALAND,13,Niuland,764,0,406,1,407
NAGALAND,13,TUENSANG,249,0,1424,0,1424
ODISHA,21,BHADRAK,348,5,43025,175,43205
ODISHA,21,GAJAPATI,353,2,9578,32,9612
ODISHA,21,JAGATSINGHPUR,355,4,32541,164,32709
ODISHA,21,JHARSUGUDA,357,11,18601,262,18874
ODISHA,21,MAYURBHANJ,365,3,43040,215,43258
ODISHA,21,NABARANGPUR,366,5,15721,122,15848
ODISHA,21,NUAPADA,368,0,12752,52,12804
ODISHA,21,PURI,369,4,56596,198,56798
PUNJAB,3,FAZILKA,651,8,34439,209,34656
PUNJAB,3,GURDASPUR,32,11,47385,214,47610
PUNJAB,3,KAPURTHALA,35,3,38168,183,38354
PUNJAB,3,MALERKOTLA,737,1,11123,33,11157
PUNJAB,3,PATIALA,41,26,92646,552,93224
PUNJAB,3,RUPNAGAR,42,6,25169,147,25322
PUNJAB,3,"TARN TARAN",609,1,27865,91,27957
RAJASTHAN,8,Balotra,775,3,6689,32,6724
RAJASTHAN,8,Deeg,767,0,5809,8,5817
RAJASTHAN,8,JAISALMER,103,5,18352,106,18463
RAJASTHAN,8,JALORE,104,3,31838,157,31998
RAJASTHAN,8,JHALAWAR,105,5,36093,244,36342
RAJASTHAN,8,KOTA,109,44,76896,886,77826
RAJASTHAN,8,PALI,111,11,57712,356,58079
"TAMIL NADU",33,RAMANATHAPURAM,583,5,41414,163,41582
"TAMIL NADU",33,Tenkasi,733,1,38291,131,38423
TELANGANA,36,HYDERABAD,507,589,252758,5471,258818
TELANGANA,36,Jagitial,681,2,29567,98,29667
TELANGANA,36,"JAYASHANKAR BHUPALAPALLY",687,0,10295,37,10332
TELANGANA,36,MAHABUBABAD,688,1,22175,75,22251
TELANGANA,36,Mulugu,720,1,6095,25,6121
TELANGANA,36,PEDDAPALLI,682,2,25146,121,25269
TELANGANA,36,"RANGA REDDI",518,144,176367,1994,178505
TELANGANA,36,SIDDIPET,692,4,41849,140,41993
TELANGANA,36,"YADADRI BHUVANAGIRI",697,1,27619,75,27695
TRIPURA,16,GOMATI,654,1,9222,33,9256
TRIPURA,16,"NORTH TRIPURA",270,0,11704,45,11749
"UTTAR PRADESH",9,BALRAMPUR,127,1,18749,95,18845
"UTTAR PRADESH",9,BAREILLY,130,42,89401,597,90040
"UTTAR PRADESH",9,BASTI,131,11,35549,216,35776
"UTTAR PRADESH",9,BIJNOR,132,8,46552,289,46849
"UTTAR PRADESH",9,FARRUKHABAD,141,1,23079,139,23219
"UTTAR PRADESH",9,FATEHPUR,142,3,28419,177,28599
"UTTAR PRADESH",9,FIROZABAD,143,8,40740,189,40937
"UTTAR PRADESH",9,HATHRAS,163,6,24238,189,24433
"UTTAR PRADESH",9,MAINPURI,166,2,28437,185,28624
"UTTAR PRADESH",9,MEERUT,169,32,100720,754,101506
"UTTAR PRADESH",9,SAHARANPUR,177,10,85543,464,86017
"UTTAR PRADESH",9,SAMBHAL,659,66,27554,333,27953
"UTTAR PRADESH",9,SHRAVASTI,181,0,10488,35,10523
"UTTAR PRADESH",9,SITAPUR,183,0,41703,255,41958
UTTARAKHAND,5,CHAMOLI,47,0,9808,18,9826
UTTARAKHAND,5,NAINITAL,51,13,37124,330,37467
UTTARAKHAND,5,PITHORAGARH,53,1,9842,33,9876
UTTARAKHAND,5,"RUDRA PRAYAG",54,0,6083,14,6097
UTTARAKHAND,5,UTTARKASHI,57,1,7960,17,7978
"WEST BENGAL",19,Jhargram,703,1,13159,51,13211
"WEST BENGAL",19,MURSHIDABAD,319,17,106244,678,106939
"WEST BENGAL",19,NADIA,320,12,81449,491,81952
"WEST BENGAL",19,"NORTH 24 PRAGANAS",303,81,190084,1505,191670
"WEST BENGAL",19,"SOUTH 24 PRAGANAS",304,72,128146,693,128911
CHANDIGARH,4,CHANDIGARH,44,86,52461,941,53488
DELHI,7,NORTH,80,125,47012,1625,48762
DELHI,7,"NORTH EAST",81,41,52869,587,53497
DELHI,7,"SOUTH ",83,270,94380,2494,97144
"JAMMU AND KASHMIR",1,KULGAM,622,2,16329,44,16375
"JAMMU AND KASHMIR",1,KUPWARA,8,2,22904,46,22952
"JAMMU AND KASHMIR",1,PULWAMA,11,15,25062,152,25229
"JAMMU AND KASHMIR",1,UDHAMPUR,14,3,14949,63,15015
LADAKH,37,"LEH LADAKH",9,3,7110,68,7181
"ANDHRA PRADESH",28,Annamayya,753,3,45998,103,46104
"ANDHRA PRADESH",28,GUNTUR,506,65,96827,1166,98058
"ANDHRA PRADESH",28,KURNOOL,511,22,91512,576,92110
"ANDHRA PRADESH",28,"Sri Sathya Sai",754,4,35259,75,35338
"ARUNACHAL PRADESH",12,CHANGLANG,229,0,995,5,1000
"ARUNACHAL PRADESH",12,KAMLE,718,0,185,2,187
"ARUNACHAL PRADESH",12,"Keyi Panyor",786,0,130,3,133
"ARUNACHAL PRADESH",12,"KRA DAADI",677,0,244,1,245
"ARUNACHAL PRADESH",12,"KURUNG KUMEY",233,0,240,3,243
"ARUNACHAL PRADESH",12,LOHIT,234,0,865,3,868
"ARUNACHAL PRADESH",12,LONGDING,666,0,302,3,305
"ARUNACHAL PRADESH",12,NAMSAI,678,0,1681,7,1688
"ARUNACHAL PRADESH",12,"WEST SIANG",243,0,861,12,873
ASSAM,18,BAKSA,616,3,12186,24,12213
ASSAM,18,BARPETA,280,17,34141,162,34320
ASSAM,18,BONGAIGAON,281,6,17410,118,17534
ASSAM,18,DHEMAJI,284,1,14392,56,14449
ASSAM,18,DHUBRI,285,9,30247,139,30395
ASSAM,18,DIBRUGARH,286,6,34359,208,34573
ASSAM,18,GOLAGHAT,288,1,25468,106,25575
ASSAM,18,KARBI-ANGELONG,292,2,10640,59,10701
ASSAM,18,KOKRAJHAR,294,6,18573,78,18657
ASSAM,18,NAGAON,297,12,41061,239,41312
BIHAR,10,LAKHISARAI,204,0,11046,63,11109
BIHAR,10,MADHUBANI,206,4,51926,220,52150
BIHAR,10,MUNGER,207,1,19113,59,19173
BIHAR,10,NAWADA,210,1,25425,138,25564
BIHAR,10,"PASHCHIM  CHAMPARAN",211,3,49494,226,49723
BIHAR,10,PATNA,212,112,172549,1826,174487
BIHAR,10,SHEOHAR,220,1,7829,23,7853
BIHAR,10,SITAMARHI,221,7,42226,199,42432
BIHAR,10,SUPAUL,223,6,35717,172,35895
CHHATTISGARH,22,BEMETARA,650,1,12775,54,12830
CHHATTISGARH,22,BILASPUR,375,31,52362,575,52968
CHHATTISGARH,22,"Gaurella Pendra Marwahi",734,0,4084,15,4099
CHHATTISGARH,22,KABIRDHAM,382,1,13447,72,13520
CHHATTISGARH,22,NARAYANPUR,637,0,2112,10,2122
CHHATTISGARH,22,SAKTI,762,0,6412,16,6428
CHHATTISGARH,22,SURAJPUR,648,0,10609,63,10672
GUJARAT,24,AHMADABAD,438,543,415912,6453,422908
GUJARAT,24,"BANAS KANTHA",441,29,58151,702,58882
GUJARAT,24,KACHCHH,449,110,87493,1745,89348
GUJARAT,24,MORBI,673,20,41336,693,42049
GUJARAT,24,NAVSARI,453,10,31551,230,31791
HARYANA,6,AMBALA,58,24,49454,463,49941
HARYANA,6,GURUGRAM,62,331,145502,3052,148885
HARYANA,6,KAITHAL,66,8,45141,277,45426
HARYANA,6,KARNAL,67,33,78072,712,78817
HARYANA,6,KURUKSHETRA,68,12,52727,324,53063
HARYANA,6,NUH,604,2,30163,211,30376
HARYANA,6,SIRSA,74,20,46717,356,47093
JHARKHAND,20,CHATRA,323,0,18076,60,18136
JHARKHAND,20,"PAKUR ",337,2,9216,54,9272
JHARKHAND,20,"SERAIKELA-KHARSAWAN  ",341,8,20645,148,20801
JHARKHAND,20,"WEST SINGHBHUM",343,1,19960,89,20050
KARNATAKA,29,BALLARI,528,31,49574,624,50229
KARNATAKA,29,BELAGAVI,527,34,123016,751,123801
KARNATAKA,29,DAVANGERE,535,18,52414,415,52847
KARNATAKA,29,GADAG,537,2,27343,166,27511
KARNATAKA,29,HASSAN,539,11,51688,498,52197
KARNATAKA,29,HAVERI,540,10,43188,330,43528
KARNATAKA,29,KALABURAGI,538,22,54679,437,55138
KARNATAKA,29,TUMAKURU,548,10,73998,521,74529
KERALA,32,KOZHIKODE,561,45,77975,842,78862
KERALA,32,MALAPPURAM,562,29,73676,794,74499
KERALA,32,PATHANAMTHIPTA,564,10,27916,250,28176
"MADHYA PRADESH",23,BALAGHAT,392,3,34607,125,34735
"MADHYA PRADESH",23,CHHINDWARA,399,13,53398,304,53715
"MADHYA PRADESH",23,GUNA,406,9,38201,203,38413
"MADHYA PRADESH",23,NARSINGHPUR,418,3,23775,167,23945
"MADHYA PRADESH",23,Pandhurna,785,0,2595,2,2597
"MADHYA PRADESH",23,SAGAR,425,16,50627,319,50962
"MADHYA PRADESH",23,SEHORE,427,4,40037,231,40272
"MADHYA PRADESH",23,SHEOPUR,431,1,7214,72,7287
"MADHYA PRADESH",23,UMARIA,436,2,8214,37,8253
MAHARASHTRA,27,AKOLA,467,19,67894,351,68264
MAHARASHTRA,27,AURANGABAD,469,58,218835,1205,220098
MAHARASHTRA,27,"MUMBAI ",482,1055,308385,8509,317949
MAHARASHTRA,27,"MUMBAI SUBURBAN",483,649,406821,5885,413355
MAHARASHTRA,27,PUNE,490,458,863224,6865,870547
MANIPUR,14,"IMPHAL WEST",256,9,18554,157,18720
MANIPUR,14,KAMJONG,717,0,295,0,295
MANIPUR,14,UKHRUL,260,0,1772,4,1776
MEGHALAYA,17,"EAST GARO HILLS",273,1,1611,6,1618
MEGHALAYA,17,"EAST JAINTIA HILLS",657,2,2581,31,2614
MEGHALAYA,17,"WEST GARO HILLS",278,1,7817,39,7857
MIZORAM,15,SERCHHIP,268,1,1395,5,1401
NAGALAND,13,DIMAPUR,244,9,10391,89,10489
NAGALAND,13,KIPHRIE,614,0,1001,0,1001
NAGALAND,13,KOHIMA,245,2,5987,24,6013
NAGALAND,13,Noklak,736,0,340,0,340
NAGALAND,13,Shamator,765,0,209,0,209
NAGALAND,13,Tseminyu,757,0,384,0,384
ODISHA,21,DEOGARH,351,1,6899,18,6918
ODISHA,21,GANJAM,354,12,82535,498,83045
ODISHA,21,KALAHANDI,358,5,27887,165,28057
ODISHA,21,KENDRAPARA,360,9,35792,129,35930
ODISHA,21,KHORDHA,362,123,121575,1483,123181
ODISHA,21,SAMBALPUR,371,8,28312,289,28609
ODISHA,21,SUNDARGARH,373,54,49492,632,50178
PUNJAB,3,LUDHIANA,36,123,187718,2463,190304
RAJASTHAN,8,ALWAR,87,33,109760,849,110642
RAJASTHAN,8,BHARATPUR,91,6,41066,298,41370
RAJASTHAN,8,CHITTORGARH,95,7,54814,369,55190
RAJASTHAN,8,DAUSA,97,7,39139,182,39328
RAJASTHAN,8,DHOLPUR,98,3,16340,107,16450
RAJASTHAN,8,HANUMANGARH,101,7,61155,271,61433
RAJASTHAN,8,Kekri,86,0,1258,4,1262
RAJASTHAN,8,Khairthal-Tijara,770,0,7511,10,7521
RAJASTHAN,8,TONK,116,7,37497,262,37766
RAJASTHAN,8,UDAIPUR,117,38,96540,730,97308
"TAMIL NADU",33,CUDDALORE,570,18,91415,358,91791
"TAMIL NADU",33,ERODE,573,31,86819,787,87637
"TAMIL NADU",33,PERAMBALUR,581,3,17519,113,17635
"TAMIL NADU",33,SALEM,584,52,129963,1050,131065
"TAMIL NADU",33,SIVAGANGA,585,7,45018,180,45205
"TAMIL NADU",33,THANJAVUR,586,17,89910,477,90404
"TAMIL NADU",33,THENI,588,7,50235,272,50514
"TAMIL NADU",33,THIRUVARUR,590,1,43456,154,43611
"TAMIL NADU",33,TIRUCHIRAPPALLI,591,27,107583,679,108289
"TAMIL NADU",33,TIRUPPUR,634,27,100920,938,101885
"TAMIL NADU",33,VELLORE,595,21,76920,444,77385
"TAMIL NADU",33,VILLUPURAM,596,12,75109,326,75447
TELANGANA,36,"BHADRADRI KOTHAGUDEM",690,1,32369,146,32516
TELANGANA,36,"JOGULAMBA GADWAL",695,0,14007,58,14065
TELANGANA,36,NIZAMABAD,516,7,62776,266,63049
TELANGANA,36,SANGAREDDY,691,6,52109,269,52384
TELANGANA,36,Warangal,522,5,39902,125,40032
TRIPURA,16,SEPAHIJALA,653,0,7954,48,8002
TRIPURA,16,"SOUTH TRIPURA",271,1,8197,35,8233
"UTTAR PRADESH",9,BAGHPAT,124,2,30444,105,30551
"UTTAR PRADESH",9,BALLIA,126,9,38426,194,38629
"UTTAR PRADESH",9,ETAH,138,8,23884,208,24100
"UTTAR PRADESH",9,GORAKHAPUR,148,41,89424,897,90362
"UTTAR PRADESH",9,JAUNPUR,152,3,68728,293,69024
"UTTAR PRADESH",9,"KANPUR DEHAT",156,1,22563,120,22684
"UTTAR PRADESH",9,KASGANJ,633,1,18822,130,18953
"UTTAR PRADESH",9,KUSHINAGAR,160,9,43701,260,43970
"UTTAR PRADESH",9,MUZAFFARNAGAR,172,33,66187,544,66764
"UTTAR PRADESH",9,PRAYAGRAJ,120,44,108580,785,109409
"UTTAR PRADESH",9,"SANT KABEER NAGAR",178,6,22386,109,22501
"UTTAR PRADESH",9,SHAHJAHANPUR,180,10,38682,309,39001
"WEST BENGAL",19,ALIPURDUAR,664,2,26324,144,26470
"WEST BENGAL",19,BANKURA,305,8,40528,232,40768
"WEST BENGAL",19,HOOGHLY,312,16,90594,658,91268
"WEST BENGAL",19,JALPAIGURI,314,13,49332,343,49688
"WEST BENGAL",19,KALIMPONG,702,0,6305,15,6320
"WEST BENGAL",19,"PASCHIM BARDHAMAN",704,38,62433,719,63190
"WEST BENGAL",19,"WEST MEDINIPUR",318,17,88374,640,89031
"ANDAMAN AND NICOBAR ISLANDS",35,"NORTH AND MIDDLE ANDAMAN",632,0,2277,2,2279
DELHI,7,WEST,85,149,111169,1998,113316
"JAMMU AND KASHMIR",1,ANANTNAG,1,22,42700,174,42896
"JAMMU AND KASHMIR",1,BANDIPORA,623,4,10793,16,10813
"JAMMU AND KASHMIR",1,GANDERBAL,626,1,14645,35,14681
"JAMMU AND KASHMIR",1,JAMMU,5,40,72899,794,73733
"JAMMU AND KASHMIR",1,KISHTWAR,620,0,7937,19,7956
"JAMMU AND KASHMIR",1,POONCH,10,0,10322,28,10350
"JAMMU AND KASHMIR",1,RAJOURI,12,0,14127,53,14180
"JAMMU AND KASHMIR",1,SHOPIAN,625,1,12602,62,12665
PUDUCHERRY,34,PONDICHERRY,600,21,42119,334,42474
"THE DADRA AND NAGAR HAVELI AND DAMAN AND DIU",38,"DADRA AND NAGAR HAVELI",465,7,14673,155,14835
"THE DADRA AND NAGAR HAVELI AND DAMAN AND DIU",38,DIU,464,0,938,17,955
"ANDHRA PRADESH",28,Eluru,748,6,49596,179,49781
"ANDHRA PRADESH",28,Kakinada,746,6,54094,179,54279
"ANDHRA PRADESH",28,Nandyal,755,4,49218,160,49382
"ANDHRA PRADESH",28,Palnadu,751,3,48528,134,48665
"ANDHRA PRADESH",28,"Parvathipuram Manyam",743,0,10882,32,10914
"ANDHRA PRADESH",28,PRAKASAM,517,12,68085,514,68611
"ANDHRA PRADESH",28,VISAKHAPATNAM,520,99,99678,1328,101105
"ARUNACHAL PRADESH",12,ANJAW,628,0,191,2,193
"ARUNACHAL PRADESH",12,Bichom,787,0,23,0,23
"ARUNACHAL PRADESH",12,"EAST KAMENG",231,0,631,5,636
"ARUNACHAL PRADESH",12,TAWANG,238,0,634,10,644
"ARUNACHAL PRADESH",12,"UPPER SUBANSIRI",241,0,602,4,606
ASSAM,18,BAJALI,739,0,3767,12,3779
ASSAM,18,DARRANG,283,2,27425,149,27576
ASSAM,18,GOALPARA,287,2,21115,114,21231
ASSAM,18,HAILAKANDI,289,2,15145,41,15188
ASSAM,18,JORHAT,290,7,23392,198,23597
ASSAM,18,TAMULPUR,756,0,3263,7,3270
BIHAR,10,BHAGALPUR,192,14,54119,325,54458
BIHAR,10,BHOJPUR,193,7,30315,216,30538
BIHAR,10,DARBHANGA,195,9,52619,302,52930
BIHAR,10,GAYA,196,12,62828,373,63213
BIHAR,10,JEHANABAD,199,0,13022,67,13089
BIHAR,10,KISHANGANJ,203,6,21540,127,21673
BIHAR,10,"PURBI  CHAMPARAN",213,69,80908,491,81468
BIHAR,10,SAMASTIPUR,217,7,64730,367,65104
CHHATTISGARH,22,BALOD,646,1,14436,66,14503
CHHATTISGARH,22,"BALOD BAZAR",644,2,19872,107,19981
CHHATTISGARH,22,JASHPUR,380,2,11629,65,11696
CHHATTISGARH,22,"KHAIRGARH CHHUIKHADAN GANDAI",759,0,4148,5,4153
CHHATTISGARH,22,KORBA,383,28,28004,293,28325
CHHATTISGARH,22,KOREA,384,0,8044,47,8091
CHHATTISGARH,22,MUNGELI,647,0,10345,27,10372
GUJARAT,24,BHARUCH,442,26,54536,610,55172
GUJARAT,24,"DEVBHOOMI DWARKA",674,2,14611,109,14722
GUJARAT,24,GANDHINAGAR,446,23,52573,488,53084
GUJARAT,24,KHEDA,450,3,42716,205,42924
HARYANA,6,BHIWANI,59,7,37267,314,37588
HARYANA,6,FARIDABAD,60,93,105264,1474,106831
HARYANA,6,FATEHABAD,61,8,34144,273,34425
HARYANA,6,HISAR,63,41,67025,690,67756
HARYANA,6,YAMUNANAGAR,76,12,52922,419,53353
"HIMACHAL PRADESH",2,HAMIRPUR,17,2,13110,80,13192
"HIMACHAL PRADESH",2,KULLU,20,2,18874,85,18961
"HIMACHAL PRADESH",2,MANDI,22,7,26845,151,27003
JHARKHAND,20,DEOGHAR,324,9,28330,170,28509
JHARKHAND,20,DUMKA,326,2,15715,90,15807
JHARKHAND,20,"GARHWA ",328,1,15718,78,15797
JHARKHAND,20,"HAZARIBAG ",332,7,43112,230,43349
JHARKHAND,20,"KODERMA ",334,4,18190,87,18281
JHARKHAND,20,LATEHAR,335,2,9296,43,9341
KARNATAKA,29,CHITRADURGA,533,12,39913,253,40178
KARNATAKA,29,MANDYA,544,2,47009,293,47304
KARNATAKA,29,RAMANAGARA,631,5,32099,168,32272
KARNATAKA,29,"UTTAR KANNAD",550,1,42916,226,43143
KERALA,32,KASARAGOD,558,5,29088,201,29294
KERALA,32,KOTTAYAM,560,23,45691,604,46318
KERALA,32,THIRUVANANTHAPURAM,565,36,100106,896,101038
"MADHYA PRADESH",23,"AGAR MALWA",667,4,21793,98,21895
"MADHYA PRADESH",23,ASHOKNAGAR,391,2,17998,82,18082
"MADHYA PRADESH",23,BETUL,394,4,34850,164,35018
"MADHYA PRADESH",23,CHHATARPUR,398,3,29092,209,29304
"MADHYA PRADESH",23,DHAR,403,17,58661,371,59049
"MADHYA PRADESH",23,DINDORI,404,0,8654,27,8681
"MADHYA PRADESH",23,KATNI,413,10,25209,233,25452
"MADHYA PRADESH",23,MANDSAUR,416,3,52531,251,52785
"MADHYA PRADESH",23,NEEMUCH,419,4,29113,177,29294
"MADHYA PRADESH",23,SATNA,426,15,37348,286,37649
"MADHYA PRADESH",23,SEONI,428,4,26183,185,26372
MAHARASHTRA,27,AHMEDNAGAR,466,49,216271,1297,217617
MAHARASHTRA,27,GADCHIROLI,475,3,21731,101,21835
MAHARASHTRA,27,JALGAON,478,58,140405,786,141249
MAHARASHTRA,27,NAGPUR,484,170,253869,2462,256501
MAHARASHTRA,27,PARBHANI,489,7,57880,241,58128
MAHARASHTRA,27,WARDHA,498,8,50032,214,50254
MAHARASHTRA,27,WASHIM,499,10,35035,203,35248
MAHARASHTRA,27,YAVATMAL,500,14,71643,383,72040
MANIPUR,14,JIRIBAM,713,0,441,0,441
MANIPUR,14,KANGPOKPI,712,0,1932,0,1932
MANIPUR,14,THOUBAL,259,1,7759,28,7788
MEGHALAYA,17,"EAST KHASI HILLS",274,12,14355,179,14546
MEGHALAYA,17,"SOUTH GARO HILLS",277,0,1668,8,1676
MIZORAM,15,AIZAWL,261,4,16296,133,16433
MIZORAM,15,LUNGLEI,265,1,2681,10,2692
NAGALAND,13,Meluri,788,0,49,0,49
NAGALAND,13,MOKOKCHUNG,246,0,2110,5,2115
NAGALAND,13,PHEK,248,0,1310,1,1311
NAGALAND,13,WOKHA,250,0,1873,1,1874
NAGALAND,13,ZUNHEBOTO,251,0,1258,2,1260
ODISHA,21,BARGARH,347,6,30853,178,31037
ODISHA,21,BOUDH,349,0,7906,35,7941
ODISHA,21,CUTTACK,350,44,86108,823,86975
ODISHA,21,DHENKANAL,352,2,29433,138,29573
ODISHA,21,JAJAPUR,356,11,44401,386,44798
ODISHA,21,KANDHAMAL,359,2,12906,42,12950
PUNJAB,3,BATHINDA,28,24,56012,493,56529
PUNJAB,3,FIROZEPUR,31,2,36035,163,36200
PUNJAB,3,HOSHIARPUR,33,4,55409,269,55682
PUNJAB,3,PATHANKOT,662,5,21679,166,21850
RAJASTHAN,8,Anoopgarh,100,0,3101,7,3108
RAJASTHAN,8,BANSWARA,88,8,31786,150,31944
RAJASTHAN,8,BARMER,90,30,50874,455,51359
RAJASTHAN,8,BUNDI,94,7,26954,195,27156
RAJASTHAN,8,DUNGARPUR,99,1,26426,86,26513
RAJASTHAN,8,GANGANAGAR,100,31,83995,595,84621
RAJASTHAN,8,Gangapurcity,113,0,1771,7,1778
RAJASTHAN,8,JAIPUR,102,305,394303,4072,398680
RAJASTHAN,8,"Jaipur Gramin",102,0,14405,34,14439
RAJASTHAN,8,JHUNJHUNU,106,9,65302,279,65590
RAJASTHAN,8,KARAULI,108,1,20040,91,20132
RAJASTHAN,8,Kotputli-Behror,782,2,11201,19,11222
RAJASTHAN,8,"Neem Ka Thana",114,0,2501,4,2505
RAJASTHAN,8,Sanchor,104,0,1555,7,1562
RAJASTHAN,8,"SAWAI MADHOPUR",113,1,27681,183,27865
RAJASTHAN,8,SIKAR,114,11,92556,430,92997
SIKKIM,11,Gyalshing,228,0,1832,6,1838
SIKKIM,11,Mangan,226,0,901,5,906
SIKKIM,11,Namchi,227,2,3912,23,3937
SIKKIM,11,Soreng,742,0,1170,1,1171
"TAMIL NADU",33,DHARMAPURI,571,6,65420,231,65657
"TAMIL NADU",33,DINDIGUL,572,11,83813,476,84300
"TAMIL NADU",33,KANCHIPURAM,574,64,100960,840,101864
"TAMIL NADU",33,KARUR,576,8,34504,222,34734
"TAMIL NADU",33,MADURAI,578,50,132880,1003,133933
"TAMIL NADU",33,NAGAPATTINAM,579,0,29968,107,30075
"TAMIL NADU",33,NAMAKKAL,580,37,68009,674,68720
"TAMIL NADU",33,THIRUVALLUR,589,43,131682,904,132629
"TAMIL NADU",33,TIRUNELVELI,592,10,71603,399,72012
"TAMIL NADU",33,Tirupathur,732,1,36906,80,36987
"TAMIL NADU",33,TIRUVANNAMALAI,593,16,69416,247,69679
"TAMIL NADU",33,VIRUDHUNAGAR,597,15,62926,361,63302
TELANGANA,36,JANGOAN,689,0,16302,57,16359
TELANGANA,36,MEDAK,513,5,26066,128,26199
TELANGANA,36,"MEDCHAL MALKAJGIRI",700,70,131949,1373,133392
TELANGANA,36,Narayanpet,721,0,10448,25,10473
TELANGANA,36,"RAJANNA SIRCILLA",683,1,21326,39,21366
TELANGANA,36,SURYAPET,696,1,41333,180,41514
TRIPURA,16,DHALAI,269,1,5799,16,5816
TRIPURA,16,"WEST TRIPURA",272,16,24582,293,24891
"UTTAR PRADESH",9,AGRA,118,94,122272,1141,123507
"UTTAR PRADESH",9,ALIGARH,119,31,72371,607,73009
"UTTAR PRADESH",9,AMROHA,154,14,27243,226,27483
"UTTAR PRADESH",9,BARABANKI,129,10,40749,303,41062
"UTTAR PRADESH",9,CHITRAKOOT,136,9,11449,84,11542
"UTTAR PRADESH",9,HAMIRPUR,149,7,15681,112,15800
"UTTAR PRADESH",9,HARDOI,150,7,46790,230,47027
"UTTAR PRADESH",9,JHANSI,153,15,49381,477,49873
"UTTAR PRADESH",9,KANNAUJ,155,3,20868,132,21003
"UTTAR PRADESH",9,"KANPUR NAGAR",157,103,125555,1635,127293
"UTTAR PRADESH",9,"LAKHIMPUR KHERI",159,8,42069,267,42344
"UTTAR PRADESH",9,LALITPUR,161,8,17558,118,17684
"UTTAR PRADESH",9,MAHARAJGANJ,164,4,36140,179,36323
"UTTAR PRADESH",9,MATHURA,167,20,75294,475,75789
"UTTAR PRADESH",9,MIRZAPUR,170,9,34492,196,34697
"UTTAR PRADESH",9,PRATAPGARH,174,6,41301,183,41490
"UTTAR PRADESH",9,SHAMLI,660,1,28750,115,28866
"UTTAR PRADESH",9,SONBHADRA,184,11,27523,220,27754
"WEST BENGAL",19,"EAST MEDINIPUR",317,23,96973,807,97803
"WEST BENGAL",19,HOWRAH,313,30,80279,935,81244
"WEST BENGAL",19,KOLKOTA,315,537,140331,5480,146348
"ANDAMAN AND NICOBAR ISLANDS",35,"SOUTH ANDAMANS",602,4,12626,122,12752
DELHI,7,"NORTH WEST",82,286,138818,3035,142139
DELHI,7,"SOUTH EAST",670,51,34676,576,35303
"JAMMU AND KASHMIR",1,RAMBAN,621,0,10206,22,10228
PUDUCHERRY,34,YANAM,600,3,575,13,591
"THE DADRA AND NAGAR HAVELI AND DAMAN AND DIU",38,DAMAN,463,7,6249,85,6341
